X,Y,distance_to_goal,angle_to_goal,zone_central,zone_wide,situation_DirectFreekick,situation_FromCorner,situation_OpenPlay,situation_Penalty,situation_SetPiece
0.7280000305175781,0.500999984741211,0.272001807655613,0.3635833682640857,True,False,False,False,True,False,False
0.789000015258789,0.3359999847412109,0.2672395901914129,0.2971034567920457,True,False,False,False,True,False,False
0.914000015258789,0.1879999923706054,0.3236356008479766,0.0839182411004843,False,True,True,False,False,False,False
0.92,0.4820000076293945,0.0819999983252551,1.0850004682021732,True,False,False,False,True,False,False
0.921999969482422,0.59,0.1190966194345712,0.5886343578050753,True,False,False,True,False,False,False
